[
  {
    "id": "1ku9z7",
    "user": "shiv4446",
    "amount": 5000,
    "category": "bhaiya",
    "note": "",
    "timestamp": "2025-06-13T16:23:21.495Z"
  },
  {
    "id": "ei70f7",
    "user": "shiv4446",
    "amount": 1367,
    "category": "amazon",
    "note": "mera saman",
    "timestamp": "2025-06-13T16:31:52.971Z"
  },
  {
    "id": "8ti1yq",
    "user": "shiv4446",
    "amount": 750,
    "category": "food",
    "note": "“ghar ka khana”",
    "timestamp": "2025-06-13T16:36:29.058Z"
  },
  {
    "id": "9dczu7",
    "user": "shiv4446",
    "amount": 2500,
    "category": "car",
    "note": "“petrol”",
    "timestamp": "2025-06-13T16:38:11.785Z"
  }
]